case_num,instance_id,repo,language,resolution_rate,total_runs,passes,all_fail,patch_hunks,f2p_count,test_patch_chars,has_test_prestaging,before_repo_set_cmd_present,leakage_signals,audit_status,human_verdict,verdict_reason,audited_by,audit_date,contamination_type,failure_reason,confidence,agent_understood_problem,agent_addressed_spec
1,instance_NodeBB__NodeBB-76c6e30282906ac664f2c9278fc90999b27b1f48-vd59a5728dfc977f44533186ace531248c2917516,NodeBB/NodeBB,js,57%,14,8,NO,106,1,652,YES,YES,,LLM_ANALYZED_BLIND,DOWNGRADE_CLEAN,LLM_BLIND(98%): agent_error — This task looks clean. The fail-to-pass test exercises the public API `plugins.toggleActive` with malformed plugin identifiers (`'\t\nnodebb-plugin'` and `'notaplugin'`) and expects rejection with `[[,gpt-5.4-20260305-blind,2026-04-13 09:28:50,,agent_error,0.98,False,False
2,instance_flipt-io__flipt-dbe263961b187e1c5d7fe34c65b000985a2da5a0,flipt-io/flipt,go,43%,14,6,NO,9,3,4051,YES,YES,,LLM_ANALYZED_BLIND,DOWNGRADE_CLEAN,LLM_BLIND(98%): agent_error — This task appears clean. The problem statement explicitly says polling goroutines in Git/local/S3/Azure/OCI backends need lifecycle management and that tests expect calling `Close()` on a `SnapshotSto,gpt-5.4-20260305-blind,2026-04-13 09:29:28,,agent_error,0.98,False,False
3,instance_tutao__tutanota-befce4b146002b9abc86aa95f4d57581771815ce-vee878bb72091875e912c52fc32bc60ec3760227b,tutao/tutanota,ts,64%,14,9,NO,8,78,1521,YES,YES,,LLM_ANALYZED_BLIND,DOWNGRADE_CLEAN,"LLM_BLIND(98%): agent_error — This task appears clean. The problem statement explicitly says SendMailModel tests are unnecessarily wrapping Map objects in Promise.resolve() when calling initWithDraft, and the F2P test patch direct",gpt-5.4-20260305-blind,2026-04-13 09:30:07,,agent_error,0.98,False,False
4,instance_protonmail__webclients-c6f65d205c401350a226bb005f42fac1754b0b5b,protonmail/webclients,js,0%,12,0,YES,30,21,6700,YES,YES,,LLM_ANALYZED_BLIND,CONFIRMED_SEVERE,"LLM_BLIND(97%): timeout — This task is contaminated. The agent clearly understood the general goal—add stable test hooks across conversation and message views—and it was working in exactly the right files. However, the test pa",gpt-5.4-20260305-blind,2026-04-13 09:31:07,approach_lock,timeout,0.97,True,False
5,instance_flipt-io__flipt-86906cbfc3a5d3629a583f98e6301142f5f14bdb-v6bea0cc3a6fc532d7da914314f2944fc1cd04dee,flipt-io/flipt,go,0%,11,0,YES,7,21,1627,YES,YES,,LLM_ANALYZED_BLIND,CONFIRMED_SEVERE,"LLM_BLIND(99%): contamination — This is a clear contamination case, specifically a task-patch mismatch. The benchmark prompt describes a cache-reference deletion feature: fixed references should be protected, non-fixed references sh",gpt-5.4-20260305-blind,2026-04-13 09:31:42,task_patch_mismatch,contamination,0.99,False,False
6,instance_protonmail__webclients-32ff10999a06455cb2147f6873d627456924ae13,protonmail/webclients,js,67%,12,8,NO,12,1,775,YES,YES,,LLM_ANALYZED_BLIND,DOWNGRADE_CLEAN,"LLM_BLIND(97%): timeout — This task appears clean. The stated requirement is narrowly scoped: in the Contact Group Details modal, replace the count label from “N members” to “N email addresses,” with correct singular/plural ha",gpt-5.4-20260305-blind,2026-04-13 09:32:12,,timeout,0.97,False,False
7,instance_internetarchive__openlibrary-92db3454aeaa02f89b4cdbc3103f7e95c9759f92-v2c55207218fb8a0138425cbf7d9675272e240b90,internetarchive/openlibrary,python,77%,13,10,NO,11,1,1239,YES,YES,,LLM_ANALYZED_BLIND,CONFIRMED_SEVERE,LLM_BLIND(91%): timeout — This task shows direct contamination in the F2P test. The stated requirement is behavioral/configurational: keep the Solr boolean clause limit aligned with the reading-log filter cap in `bookshelves.p,gpt-5.4-20260305-blind,2026-04-13 09:33:50,test_coupling,timeout,0.91,False,False
8,instance_protonmail__webclients-2dce79ea4451ad88d6bfe94da22e7f2f988efa60,protonmail/webclients,js,0%,11,0,YES,20,6,5221,YES,YES,,LLM_ANALYZED_BLIND,CONFIRMED_SEVERE,"LLM_BLIND(96%): contamination — This task shows strong contamination. The issue description is purely user-facing: add clear visual verification indicators for legitimate Proton senders. The agent responded accordingly, exploring `I",gpt-5.4-20260305-blind,2026-04-13 09:35:19,test_coupling,contamination,0.96,True,False
9,instance_flipt-io__flipt-b433bd05ce405837804693bebd5f4b88d87133c8,flipt-io/flipt,go,7%,14,1,NO,28,4,8767,YES,YES,,LLM_ANALYZED_BLIND,CONFIRMED_SEVERE,"LLM_BLIND(92%): contamination — This task shows clear contamination. The problem statement is about externally observable configuration behavior: accept `tracing.exporter: otlp`, default exporter to `jaeger`, default OTLP endpoint t",gpt-5.4-20260305-blind,2026-04-13 09:37:21,test_coupling,contamination,0.92,True,False
10,instance_future-architect__vuls-457a3a9627fb9a0800d0aecf1d4713fb634a9011,future-architect/vuls,go,29%,14,4,NO,1,6,2950,YES,YES,,LLM_ANALYZED_BLIND,CONFIRMED_SEVERE,LLM_BLIND(89%): contamination — This looks under-specified rather than merely hard. The agent clearly understood the nature of the bug: update the static Windows KB/revision mapping so the detector can report newer monthly updates a,gpt-5.4-20260305-blind,2026-04-13 09:39:15,undiscoverable_requirement,contamination,0.89,True,False
11,instance_future-architect__vuls-436341a4a522dc83eb8bddd1164b764c8dd6bc45,future-architect/vuls,go,23%,13,3,NO,2,10,7133,YES,YES,,LLM_ANALYZED_BLIND,DOWNGRADE_CLEAN,"LLM_BLIND(93%): timeout — This task looks clean rather than contaminated. The fail-to-pass tests check exactly the user-visible behavior described in the problem statement: updated Fedora EOL dates, Fedora 40 support, modern W",gpt-5.4-20260305-blind,2026-04-13 09:40:40,,timeout,0.93,True,False
12,instance_tutao__tutanota-1e516e989b3c0221f4af6b297d9c0e4c43e4adc3-vbc0d9ba8f0071fbe982809910959a6ff8884dbbf,tutao/tutanota,ts,50%,14,7,NO,6,107,805,YES,YES,,LLM_ANALYZED_BLIND,DOWNGRADE_CLEAN,LLM_BLIND(97%): timeout — This task appears clean. The problem statement explicitly names the new API shape: use the modern class-based initialization pattern via PriceAndConfigProvider.getInitializedInstance instead of the de,gpt-5.4-20260305-blind,2026-04-13 09:41:20,,timeout,0.97,True,False
13,instance_NodeBB__NodeBB-cfc237c2b79d8c731bbfc6cadf977ed530bfd57a-v0495b863a912fbff5749c67e860612b91825407c,NodeBB/NodeBB,js,29%,14,4,NO,7,3,1235,YES,YES,,LLM_ANALYZED_BLIND,CONFIRMED_SEVERE,"LLM_BLIND(88%): contamination — This task shows strong contamination signals. The problem statement is a user-facing feature request about manually choosing avatar background colours. The agent followed that spec, spending its time ",gpt-5.4-20260305-blind,2026-04-13 09:42:56,test_coupling,contamination,0.88,True,False
14,instance_gravitational__teleport-fb0ab2b9b771377a689fd0d0374777c251e58bbf,gravitational/teleport,go,0%,14,0,YES,5,4,1797,YES,YES,,LLM_ANALYZED_BLIND,CONFIRMED_SEVERE,LLM_BLIND(84%): timeout — This case shows real contamination signals even though the agent itself mainly failed by timing out. The problem statement is broad: add watcher-event observability and provide a rolling numeric buffe,gpt-5.4-20260305-blind,2026-04-13 09:44:41,approach_lock,timeout,0.84,True,False
15,instance_internetarchive__openlibrary-7f6b722a10f822171501d027cad60afe53337732-ve8c8d62a2b60610a3c4631f5f23ed866bada9818,internetarchive/openlibrary,python,54%,13,7,NO,13,4,9780,YES,YES,,LLM_ANALYZED_BLIND,DOWNGRADE_CLEAN,"LLM_BLIND(92%): timeout — This looks clean rather than contaminated. The problem statement explicitly says the regression is in the new WorkSearchScheme.process_user_query path and that queries with trailing dashes, operator-l",gpt-5.4-20260305-blind,2026-04-13 09:46:14,,timeout,0.92,True,False
16,instance_gravitational__teleport-dd3977957a67bedaf604ad6ca255ba8c7b6704e9,gravitational/teleport,go,0%,13,0,YES,4,2,538,YES,YES,,LLM_ANALYZED_BLIND,DOWNGRADE_CLEAN,"LLM_BLIND(97%): timeout — This task appears clean. The problem statement explicitly says proxy services should include `localhost`, `127.0.0.1`, and `::1` in additional principals, and the fail-to-pass tests check exactly that",gpt-5.4-20260305-blind,2026-04-13 09:46:54,,timeout,0.97,False,False
17,instance_protonmail__webclients-369fd37de29c14c690cb3b1c09a949189734026f,protonmail/webclients,js,0%,12,0,YES,33,12,36767,YES,YES,,LLM_ANALYZED_BLIND,CONFIRMED_SEVERE,"LLM_BLIND(96%): contamination — The agent appears to have understood the feature request: it inspected the setup flow for first-time calendar creation, the sidebar where calendars are added, the holidays directory hook/model, and th",gpt-5.4-20260305-blind,2026-04-13 09:48:46,approach_lock,contamination,0.96,True,False
18,instance_protonmail__webclients-bf2e89c0c488ae1a87d503e5b09fe9dd2f2a635f,protonmail/webclients,js,67%,12,8,NO,8,1,2356,YES,YES,,LLM_ANALYZED_BLIND,DOWNGRADE_CLEAN,"LLM_BLIND(97%): timeout — This task looks clean. The staged F2P test is not asserting on hidden internals, magic strings, or a specific architecture; it renders CalendarMemberAndInvitationList with canEdit={false} and verifies",gpt-5.4-20260305-blind,2026-04-13 09:49:35,,timeout,0.97,True,False
19,instance_gravitational__teleport-005dcb16bacc6a5d5890c4cd302ccfd4298e275d-vee9b09fb20c43af7e520f57e9239bbcf46b7113d,gravitational/teleport,go,0%,12,0,YES,4,2,7557,YES,YES,,LLM_ANALYZED_BLIND,CONFIRMED_SEVERE,LLM_BLIND(98%): contamination — This task is contaminated. The user-facing requirement is purely behavioral: move wal2json parsing to the client side and correctly turn wal2json messages for the `kv` table into insert/update/delete/,gpt-5.4-20260305-blind,2026-04-13 09:50:35,test_coupling,contamination,0.98,True,False
20,instance_flipt-io__flipt-af7a0be46d15f0b63f16a868d13f3b48a838e7ce,flipt-io/flipt,go,0%,14,0,YES,11,2,2795,YES,YES,,LLM_ANALYZED_BLIND,CONFIRMED_SEVERE,LLM_BLIND(96%): contamination — This task shows clear contamination. The stated problem is narrowly about migrating legacy `tracing.jaeger.enabled` to a unified `tracing.enabled` / `tracing.backend` configuration with deprecation wa,gpt-5.4-20260305-blind,2026-04-13 09:52:38,task_patch_mismatch,contamination,0.96,True,False
21,instance_gravitational__teleport-8302d467d160f869b77184e262adbe2fbc95d9ba-vce94f93ad1030e3136852817f2423c1b3ac37bc4,gravitational/teleport,go,0%,12,0,YES,10,1,1075,YES,YES,,LLM_ANALYZED_BLIND,CONFIRMED_SEVERE,LLM_BLIND(98%): contamination — This task shows clear contamination. The problem statement is high-level and behavioral: make Touch ID registration and login work on macOS when availability checks pass. But the fail-to-pass test pat,gpt-5.4-20260305-blind,2026-04-13 09:54:29,test_coupling,contamination,0.98,True,False
22,instance_tutao__tutanota-219bc8f05d7b980e038bc1524cb021bf56397a1b-vee878bb72091875e912c52fc32bc60ec3760227b,tutao/tutanota,ts,50%,14,7,NO,1,78,930,YES,YES,,LLM_ANALYZED_BLIND,CONFIRMED_SEVERE,"LLM_BLIND(97%): contamination — This looks contaminated rather than genuinely hard. The stated problem is about clear routing by message type, serial processing of entity updates, consistent unread-counter delivery, and internally c",gpt-5.4-20260305-blind,2026-04-13 09:56:51,test_coupling,contamination,0.97,True,False
23,instance_flipt-io__flipt-cd18e54a0371fa222304742c6312e9ac37ea86c1,flipt-io/flipt,go,0%,14,0,YES,6,10,12080,YES,YES,,LLM_ANALYZED_BLIND,CONFIRMED_SEVERE,"LLM_BLIND(90%): contamination — This looks contaminated rather than merely hard. The stated task is narrowly about exposing two public entry points so tests can decode the default configuration and run schema validation. However, th",gpt-5.4-20260305-blind,2026-04-13 09:59:53,undiscoverable_requirement,contamination,0.9,False,False
24,instance_future-architect__vuls-8d5ea98e50cf616847f4e5a2df300395d1f719e9,future-architect/vuls,go,7%,14,1,NO,5,1,1606,YES,YES,,LLM_ANALYZED_BLIND,CONFIRMED_SEVERE,"LLM_BLIND(99%): contamination — This task is clearly contaminated. The user-facing requirement is to add a -wp-ignore-inactive flag so inactive WordPress plugins/themes are not scanned. Fair tests would check flag registration, conf",gpt-5.4-20260305-blind,2026-04-13 10:00:51,test_coupling,contamination,0.99,True,False
25,instance_flipt-io__flipt-ebb3f84c74d61eee4d8c6875140b990eee62e146,flipt-io/flipt,go,0%,14,0,YES,11,2,1508,YES,YES,,LLM_ANALYZED_BLIND,CONFIRMED_SEVERE,"LLM_BLIND(94%): contamination — This case shows real contamination. The agent clearly understood the bug and implemented the core behavior the problem describes: bootstrap token and expiration were added to config/runtime handling, ",gpt-5.4-20260305-blind,2026-04-13 10:02:53,test_coupling,contamination,0.94,True,True
26,instance_internetarchive__openlibrary-431442c92887a3aece3f8aa771dd029738a80eb1-v76304ecdb3a5954fcf13feb710e8c40fcf24b73c,internetarchive/openlibrary,python,54%,13,7,NO,2,7,1546,YES,YES,,LLM_ANALYZED_BLIND,DOWNGRADE_CLEAN,"LLM_BLIND(96%): agent_error — This task looks clean. The problem statement explicitly asks for a helper to replace a child node in a Luqum parse tree, specifies the call pattern as `(parent, old_child, new_child)`, says it should ",gpt-5.4-20260305-blind,2026-04-13 10:03:54,,agent_error,0.96,False,False
27,instance_gravitational__teleport-af5e2517de7d18406b614e413aca61c319312171-vee9b09fb20c43af7e520f57e9239bbcf46b7113d,gravitational/teleport,go,17%,12,2,NO,4,2,17850,YES,YES,,LLM_ANALYZED_BLIND,DOWNGRADE_CLEAN,"LLM_BLIND(95%): timeout — This task looks clean, not contaminated. The F2P test `TestMux/SSHProxyHelloSignature` checks exactly the behavior described in the problem statement: a connection beginning with the public `Teleport-",gpt-5.4-20260305-blind,2026-04-13 10:04:43,,timeout,0.95,True,False
28,instance_internetarchive__openlibrary-60725705782832a2cb22e17c49697948a42a9d03-v298a7a812ceed28c4c18355a091f1b268fe56d86,internetarchive/openlibrary,python,54%,13,7,NO,4,1,857,YES,YES,,LLM_ANALYZED_BLIND,DOWNGRADE_CLEAN,"LLM_BLIND(98%): agent_error — This task appears clean. The problem statement narrowly asks for a public `User.get_safe_mode()` in `openlibrary/plugins/upstream/models.py` that returns `""yes""`, `""no""`, or `""""`, and reflects the lat",gpt-5.4-20260305-blind,2026-04-13 10:05:35,,agent_error,0.98,False,False
29,instance_NodeBB__NodeBB-b1f9ad5534bb3a44dab5364f659876a4b7fe34c1-vnan,NodeBB/NodeBB,js,71%,14,10,NO,7,1,4471,YES,YES,,LLM_ANALYZED_BLIND,DOWNGRADE_CLEAN,LLM_BLIND(98%): timeout — This task appears clean. The problem statement explicitly says that `sortedSetsCardSum` should support score ranges (`min` and `max`) and return accurate counts efficiently. The F2P test does exactly ,gpt-5.4-20260305-blind,2026-04-13 10:06:07,,timeout,0.98,True,False
30,instance_navidrome__navidrome-69e0a266f48bae24a11312e9efbe495a337e4c84,navidrome/navidrome,go,0%,14,0,YES,7,1,9550,YES,YES,,LLM_ANALYZED_BLIND,CONFIRMED_SEVERE,"LLM_BLIND(92%): timeout — This task shows clear contamination. The issue description is behavioral and architectural at a high level: JWTs should carry only artwork identity, size should move to an HTTP query parameter, and pu",gpt-5.4-20260305-blind,2026-04-13 10:08:03,test_coupling,timeout,0.92,True,False
31,instance_flipt-io__flipt-84806a178447e766380cc66b14dee9c6eeb534f4,flipt-io/flipt,go,0%,14,0,YES,9,8,4736,YES,YES,,LLM_ANALYZED_BLIND,CONFIRMED_SEVERE,"LLM_BLIND(98%): contamination — This task shows clear contamination. The stated bug is about user-visible configuration behavior: OCI configs should accept `bundles_directory`, `poll_interval`, and `authentication`, invalid reposito",gpt-5.4-20260305-blind,2026-04-13 10:09:13,test_coupling,contamination,0.98,True,False
32,instance_future-architect__vuls-fd18df1dd4e4360f8932bc4b894bd8b40d654e7c,future-architect/vuls,go,0%,13,0,YES,5,1,1946,YES,YES,,LLM_ANALYZED_BLIND,CONFIRMED_SEVERE,LLM_BLIND(97%): contamination — This looks clearly contaminated rather than genuinely hard. The agent understood the request and implemented the core requirement: extracting the OS version from `report.Metadata.OS.Name` into `ScanRe,gpt-5.4-20260305-blind,2026-04-13 10:10:24,undiscoverable_requirement,contamination,0.97,True,True
33,instance_ansible__ansible-949c503f2ef4b2c5d668af0492a5c0db1ab86140-v0f01c69f1e2528b935359cfe578530722bca2c59,ansible/ansible,python,0%,13,0,YES,4,4,7066,YES,YES,,LLM_ANALYZED_BLIND,CONFIRMED_SEVERE,"LLM_BLIND(97%): timeout — The trajectory shows the agent broadly understood the reported bug: it inspected `lib/ansible/cli/config.py`, `lib/ansible/cli/galaxy.py`, `lib/ansible/config/manager.py`, and the relevant base config",gpt-5.4-20260305-blind,2026-04-13 10:12:18,test_coupling,timeout,0.97,True,False
34,instance_internetarchive__openlibrary-fdbc0d8f418333c7e575c40b661b582c301ef7ac-v13642507b4fc1f8d234172bf8129942da2c2ca26,internetarchive/openlibrary,python,36%,14,5,NO,4,1,1729,YES,YES,,LLM_ANALYZED_BLIND,DOWNGRADE_CLEAN,"LLM_BLIND(97%): timeout — This task appears clean. The problem statement explicitly says that normalization should remove three exact placeholder values: `publishers == [""????""]`, `authors == [{""name"": ""????""}]`, and `publish_",gpt-5.4-20260305-blind,2026-04-13 10:12:51,,timeout,0.97,True,True
35,instance_element-hq__element-web-f14374a51c153f64f313243f2df6ea4971db4e15,element-hq/element-web,js,29%,14,4,NO,17,1,661,YES,YES,,LLM_ANALYZED_BLIND,DOWNGRADE_CLEAN,LLM_BLIND(98%): timeout — This task looks clean. The problem statement explicitly says the tombstone/replacement notice should use semantic HTML markup such as paragraph elements and clearly communicate that the room has been ,gpt-5.4-20260305-blind,2026-04-13 10:13:26,,timeout,0.98,True,False
36,instance_element-hq__element-web-72a8f8f03b1a01bb70ef8a5bb61759416991b32c-vnan,element-hq/element-web,js,29%,14,4,NO,3,3,1698,YES,YES,,LLM_ANALYZED_BLIND,DOWNGRADE_CLEAN,"LLM_BLIND(91%): unclear — This looks clean, not contaminated. The F2P tests are straightforward behavioral checks: they render `useWindowWidth`, expect it to return the current `UIStore.instance.windowWidth`, then mutate that ",gpt-5.4-20260305-blind,2026-04-13 10:14:53,,unclear,0.91,True,True
37,instance_gravitational__teleport-96019ce0be7a2c8e36363f359eb7c943b41dde70,gravitational/teleport,go,14%,14,2,NO,2,4,1446,YES,YES,,LLM_ANALYZED_BLIND,DOWNGRADE_CLEAN,LLM_BLIND(98%): agent_error — This task appears clean. The problem statement explicitly says `authenticate` should return `AccessDenied` only for auth/authorization failures and otherwise wrap and return the original error type. T,gpt-5.4-20260305-blind,2026-04-13 10:15:31,,agent_error,0.98,False,False
38,instance_protonmail__webclients-708ed4a299711f0fa79a907cc5847cfd39c0fc71,protonmail/webclients,js,83%,12,10,NO,4,3,3192,YES,YES,,LLM_ANALYZED_BLIND,DOWNGRADE_CLEAN,"LLM_BLIND(97%): agent_error — This task looks clean. The problem statement is specifically about eligibility for users with recent subscription cancellations, and the staged F2P tests are behavioral checks on that same logic: free",gpt-5.4-20260305-blind,2026-04-13 10:16:38,,agent_error,0.97,True,True
39,instance_internetarchive__openlibrary-bb152d23c004f3d68986877143bb0f83531fe401-ve8c8d62a2b60610a3c4631f5f23ed866bada9818,internetarchive/openlibrary,python,0%,12,0,YES,4,3,1316,YES,YES,,LLM_ANALYZED_BLIND,CONFIRMED_SEVERE,"LLM_BLIND(95%): contamination — This task is contaminated. The stated problem is broad and behavioral: make archival state consistent, standardize packaging, validate uploads, add concurrency controls, and enforce a zero-padded sche",gpt-5.4-20260305-blind,2026-04-13 10:18:05,test_coupling,contamination,0.95,True,False
40,instance_NodeBB__NodeBB-b398321a5eb913666f903a794219833926881a8f-vd59a5728dfc977f44533186ace531248c2917516,NodeBB/NodeBB,js,29%,14,4,NO,11,4,1081,YES,YES,,LLM_ANALYZED_BLIND,DOWNGRADE_CLEAN,"LLM_BLIND(95%): timeout — This looks clean, not contaminated. The problem statement explicitly says to introduce a global `chat:privileged` permission, notes that existing privilege sets do not expose it, and calls out UI visi",gpt-5.4-20260305-blind,2026-04-13 10:19:37,,timeout,0.95,True,False
41,instance_gravitational__teleport-89f0432ad5dc70f1f6a30ec3a8363d548371a718,gravitational/teleport,go,8%,13,1,NO,6,1,917,YES,YES,,LLM_ANALYZED_BLIND,CONFIRMED_SEVERE,LLM_BLIND(93%): contamination — This task shows strong contamination. The agent understood the security issue and pursued the natural solution: add a bounded-read helper and swap it into HTTP request/response body readers. The agent,gpt-5.4-20260305-blind,2026-04-13 10:22:12,undiscoverable_requirement,contamination,0.93,True,False
42,instance_tutao__tutanota-fe240cbf7f0fdd6744ef7bef8cb61676bcdbb621-vc4e41fd0029957297843cb9dec4a25c7c756f029,tutao/tutanota,ts,29%,14,4,NO,9,107,3455,YES,YES,,LLM_ANALYZED_BLIND,CONFIRMED_SEVERE,"LLM_BLIND(95%): timeout — This task shows clear contamination in the fail-to-pass tests. The stated requirement is behavior-level: reject calendar events with invalid dates, start>=end, or pre-1970 starts consistently across m",gpt-5.4-20260305-blind,2026-04-13 10:23:44,approach_lock,timeout,0.95,True,False
43,instance_protonmail__webclients-b9387af4cdf79c2cb2a221dea33d665ef789512e,protonmail/webclients,js,8%,13,1,NO,6,7,4822,YES,YES,,LLM_ANALYZED_BLIND,DOWNGRADE_CLEAN,"LLM_BLIND(91%): timeout — This looks clean rather than contaminated. The problem statement explicitly asks for a new metric named/schema-aligned with `web_drive_download_mechanism_success_rate_total_v1`, segmented by mechanism",gpt-5.4-20260305-blind,2026-04-13 10:24:56,,timeout,0.91,True,False
44,instance_internetarchive__openlibrary-3f580a5f244c299d936d73d9e327ba873b6401d9-v0f5aece3601a5b4419f7ccec1dbda2071be28ee4,internetarchive/openlibrary,python,86%,14,12,NO,3,2,2687,YES,YES,,LLM_ANALYZED_BLIND,DOWNGRADE_CLEAN,"LLM_BLIND(96%): agent_error — This benchmark looks clean. The problem statement explicitly says that constant-like sequences used by autocomplete must be immutable, stably ordered, and that entry points accepting collections shoul",gpt-5.4-20260305-blind,2026-04-13 10:25:54,,agent_error,0.96,True,False
45,instance_qutebrowser__qutebrowser-0833b5f6f140d04200ec91605f88704dd18e2970-v059c6fdc75567943479b23ebca7c07b5e9a7f34c,qutebrowser/qutebrowser,python,69%,13,9,NO,3,1,696,YES,YES,,LLM_ANALYZED_BLIND,DOWNGRADE_CLEAN,LLM_BLIND(98%): agent_error — This task appears clean. The problem statement explicitly says the WebKit `NetworkReply` should emit `errorOccurred` instead of deprecated `error` when constructing an error reply. The F2P test reflec,gpt-5.4-20260305-blind,2026-04-13 10:26:28,,agent_error,0.98,True,False
46,instance_protonmail__webclients-caf10ba9ab2677761c88522d1ba8ad025779c492,protonmail/webclients,js,0%,12,0,YES,84,6,7353,YES,YES,,LLM_ANALYZED_BLIND,CONFIRMED_SEVERE,LLM_BLIND(91%): contamination — This looks contaminated rather than genuinely hard. The agent understood the ask at a high level and started the expected kind of work: auditing the scattered calendar modules and planning a domain-ba,gpt-5.4-20260305-blind,2026-04-13 10:29:01,approach_lock,contamination,0.91,True,False
47,instance_flipt-io__flipt-b22f5f02e40b225b6b93fff472914973422e97c6,flipt-io/flipt,go,46%,13,6,NO,8,2,3735,YES,YES,,LLM_ANALYZED_BLIND,DOWNGRADE_CLEAN,"LLM_BLIND(92%): agent_error — The visible F2P test `TestStore_Copy` is substantially aligned with the problem statement: it verifies copying between tagged local OCI refs, rejection when source or destination lacks a tag, returned",gpt-5.4-20260305-blind,2026-04-13 10:30:34,,agent_error,0.92,True,False
48,instance_element-hq__element-web-b007ea81b2ccd001b00f332bee65070aa7fc00f9-vnan,element-hq/element-web,js,0%,13,0,YES,2,7,3187,YES,YES,,LLM_ANALYZED_BLIND,CONFIRMED_SEVERE,LLM_BLIND(94%): contamination — This task shows clear behavioral contamination around `arraySmoothingResample`. The prompt describes the feature at a high level: deterministic smoothing resample for downsampling/upsampling/identity ,gpt-5.4-20260305-blind,2026-04-13 10:31:47,undiscoverable_requirement,contamination,0.94,True,True
49,instance_future-architect__vuls-e1df74cbc1a1d1889428b3333a3b2405c4651993,future-architect/vuls,go,86%,14,12,NO,4,2,363,YES,YES,,LLM_ANALYZED_BLIND,DOWNGRADE_CLEAN,LLM_BLIND(99%): agent_error — This task looks clean. The problem statement explicitly says Amazon Linux 2023 now reports versions like `2023.3.20240312` and that the parser should extract the major version `2023`. The F2P test doe,gpt-5.4-20260305-blind,2026-04-13 10:32:31,,agent_error,0.99,True,False
50,instance_gravitational__teleport-c782838c3a174fdff80cafd8cd3b1aa4dae8beb2,gravitational/teleport,go,0%,14,0,YES,6,1,8718,YES,YES,,LLM_ANALYZED_BLIND,DOWNGRADE_CLEAN,"LLM_BLIND(92%): timeout — The task looks fair. The problem statement itself explicitly says that pre-v7 remotes still rely on legacy monolithic ClusterConfig, that the cache policy is incorrectly watching split resources for o",gpt-5.4-20260305-blind,2026-04-13 10:33:42,,timeout,0.92,True,False
51,instance_qutebrowser__qutebrowser-fec187c2cb53d769c2682b35ca77858a811414a8-v363c8a7e5ccdf6968fc7ab84a2053ac78036691d,qutebrowser/qutebrowser,python,15%,13,2,NO,1,1,625,YES,YES,,LLM_ANALYZED_BLIND,CONFIRMED_SEVERE,"LLM_BLIND(97%): contamination — This looks contaminated rather than genuinely hard. The spec is about URL-encoding search parameters, but the fail-to-pass test asserts a different behavior: when `open_base_url=True` and the input is",gpt-5.4-20260305-blind,2026-04-13 10:34:36,task_patch_mismatch,contamination,0.97,True,False
52,instance_ansible__ansible-489156378c8e97374a75a544c7c9c2c0dd8146d1-v390e508d27db7a51eece36bb6d9698b63a5b638a,ansible/ansible,python,67%,12,8,NO,3,3,2920,YES,YES,,LLM_ANALYZED_BLIND,CONFIRMED_SEVERE,LLM_BLIND(98%): contamination — This task shows clear contamination. The problem statement is purely about user-visible behavior: retry 429/500/502 for a bounded time and emit a warning when rate limiting occurred. The agent underst,gpt-5.4-20260305-blind,2026-04-13 10:36:04,test_coupling,contamination,0.98,True,True
53,instance_ansible__ansible-984216f52e76b904e5b0fa0fb956ab4f1e0a7751-v1055803c3a812189a1133297f7f5468579283f86,ansible/ansible,python,21%,14,3,NO,8,1,2222,YES,YES,,LLM_ANALYZED_BLIND,CONFIRMED_SEVERE,"LLM_BLIND(96%): contamination — This task shows clear contamination. The agent understood the bug report and was working in the right places, but the benchmark's sole fail-to-pass test does not actually validate the user-facing beha",gpt-5.4-20260305-blind,2026-04-13 10:37:58,test_coupling,contamination,0.96,True,False
54,instance_protonmail__webclients-428cd033fede5fd6ae9dbc7ab634e010b10e4209,protonmail/webclients,js,8%,13,1,NO,6,7,7956,YES,YES,,LLM_ANALYZED_BLIND,CONFIRMED_SEVERE,"LLM_BLIND(85%): contamination — The agent plainly understood the user-facing requirement: recovery must include both regular and trashed photo items, propagate failures consistently, and auto-resume from persisted state. It explored",gpt-5.4-20260305-blind,2026-04-13 10:40:39,test_coupling,contamination,0.85,True,False
55,instance_protonmail__webclients-5f0745dd6993bb1430a951c62a49807c6635cd77,protonmail/webclients,js,0%,12,0,YES,13,3,3010,YES,YES,,LLM_ANALYZED_BLIND,CONFIRMED_SEVERE,"LLM_BLIND(95%): contamination — This task shows clear contamination. The problem statement is behavioral and flow-level: invalid BTC amounts, loading/error UI, showing address/amount/QR, and validating payment tokens every 10 second",gpt-5.4-20260305-blind,2026-04-13 10:43:25,test_coupling,contamination,0.95,True,False
56,instance_ansible__ansible-d33bedc48fdd933b5abd65a77c081876298e2f07-v0f01c69f1e2528b935359cfe578530722bca2c59,ansible/ansible,python,0%,14,0,YES,7,7,9482,YES,YES,,LLM_ANALYZED_BLIND,DOWNGRADE_CLEAN,"LLM_BLIND(94%): timeout — This task looks clean. The failing tests named in the benchmark map directly to the problem statement: unhashable values for boolean conversion, sequence-to-list conversion, mapping-to-dict conversion",gpt-5.4-20260305-blind,2026-04-13 10:44:59,,timeout,0.94,True,False
57,instance_gravitational__teleport-73cc189b0e9636d418c4470ecce0d9af5dae2f02-vee9b09fb20c43af7e520f57e9239bbcf46b7113d,gravitational/teleport,go,55%,11,6,NO,1,3,1710,YES,YES,,LLM_ANALYZED_BLIND,DOWNGRADE_CLEAN,LLM_BLIND(95%): timeout — This task looks clean. The problem statement says Teleport should support GCP service account impersonation similarly to existing AWS IAM role and Azure identity integrations. The F2P tests do exactly,gpt-5.4-20260305-blind,2026-04-13 10:45:52,,timeout,0.95,True,False
58,instance_navidrome__navidrome-d8e794317f788198227e10fb667e10496b3eb99a,navidrome/navidrome,go,0%,14,0,YES,10,2,5285,YES,YES,,LLM_ANALYZED_BLIND,CONFIRMED_SEVERE,"LLM_BLIND(97%): timeout — This task shows clear contamination. The agent understood the requested behavior and started implementing the central idea: unify placeholder fallback, make strict retrieval return an unavailable erro",gpt-5.4-20260305-blind,2026-04-13 10:47:27,test_coupling,timeout,0.97,True,False
59,instance_internetarchive__openlibrary-9bdfd29fac883e77dcbc4208cab28c06fd963ab2-v76304ecdb3a5954fcf13feb710e8c40fcf24b73c,internetarchive/openlibrary,python,0%,14,0,YES,2,5,6583,YES,YES,,LLM_ANALYZED_BLIND,DOWNGRADE_CLEAN,"LLM_BLIND(95%): timeout — This looks clean. The F2P tests check exactly the behaviors named in the problem statement: alias remapping (`title`, `by`), greedy field binding across subsequent terms, preservation of boolean opera",gpt-5.4-20260305-blind,2026-04-13 10:48:31,,timeout,0.95,True,False
60,instance_flipt-io__flipt-c8d71ad7ea98d97546f01cce4ccb451dbcf37d3b,flipt-io/flipt,go,0%,13,0,YES,9,8,4119,YES,YES,,LLM_ANALYZED_BLIND,CONFIRMED_SEVERE,"LLM_BLIND(96%): contamination — This task shows clear contamination rather than mere difficulty. The problem statement is about behavior: `flipt validate` should catch missing variant/segment references, and import behavior should b",gpt-5.4-20260305-blind,2026-04-13 10:50:21,test_coupling,contamination,0.96,True,False
61,instance_ansible__ansible-ecea15c508f0e081525be036cf76bbb56dbcdd9d-vba6da65a0f3baefda7a058ebbd0a8dcafb8512f5,ansible/ansible,python,0%,14,0,YES,3,7,12711,YES,YES,,LLM_ANALYZED_BLIND,CONFIRMED_SEVERE,LLM_BLIND(97%): timeout — This benchmark shows strong contamination. The agent clearly understood the user-facing requirement: `ansible-galaxy install -r requirements.yml` should install both roles and collections in one run w,gpt-5.4-20260305-blind,2026-04-13 10:52:10,test_coupling,timeout,0.97,True,False
62,instance_protonmail__webclients-da91f084c0f532d9cc8ca385a701274d598057b8,protonmail/webclients,js,8%,12,1,NO,4,2,5562,YES,YES,,LLM_ANALYZED_BLIND,CONFIRMED_SEVERE,"LLM_BLIND(94%): timeout — This looks contaminated rather than merely hard. The problem statement asks for three behavioral outcomes: render simple HTML safely, make links secure/predictable, and suppress duplicate non-success ",gpt-5.4-20260305-blind,2026-04-13 10:53:59,test_coupling,timeout,0.94,True,False
63,instance_internetarchive__openlibrary-8a9d9d323dfcf2a5b4f38d70b1108b030b20ebf3-v13642507b4fc1f8d234172bf8129942da2c2ca26,internetarchive/openlibrary,python,0%,13,0,YES,3,16,2823,YES,YES,,LLM_ANALYZED_BLIND,CONFIRMED_SEVERE,"LLM_BLIND(98%): contamination — This is strong contamination. The agent clearly followed the problem statement: it examined `manage_imports.py`, `openlibrary.core.imports`, and the import API, and repeatedly concluded it needed to a",gpt-5.4-20260305-blind,2026-04-13 10:55:10,task_patch_mismatch,contamination,0.98,True,False
64,instance_gravitational__teleport-b5d8169fc0a5e43fee2616c905c6d32164654dc6,gravitational/teleport,go,0%,14,0,YES,5,4,3115,YES,YES,,LLM_ANALYZED_BLIND,DOWNGRADE_CLEAN,"LLM_BLIND(81%): timeout — This looks mostly clean. The problem statement itself explicitly explains that connectivity broke because OSS users were migrated away from `admin`, and that cross-cluster access depended on `admin`-t",gpt-5.4-20260305-blind,2026-04-13 10:57:16,,timeout,0.81,True,False
65,instance_flipt-io__flipt-05d7234fa582df632f70a7cd10194d61bd7043b9,flipt-io/flipt,go,0%,14,0,YES,10,4,3166,YES,YES,,LLM_ANALYZED_BLIND,CONFIRMED_SEVERE,"LLM_BLIND(95%): contamination — The agent broadly understood the task: it found the TODO `GetVersion` implementations, noticed the evaluation path depended on namespace versions, saw that `Document` needed version metadata carried t",gpt-5.4-20260305-blind,2026-04-13 10:59:50,test_coupling,contamination,0.95,True,False
66,instance_NodeBB__NodeBB-70b4a0e2aebebe8f2f559de6680093d96a697b2f-vnan,NodeBB/NodeBB,js,57%,14,8,NO,4,1,4471,YES,YES,,LLM_ANALYZED_BLIND,DOWNGRADE_CLEAN,LLM_BLIND(97%): timeout — This task appears clean. The fail-to-pass test checks only behavioral outcomes that are explicitly stated in the problem: calling `sortedSetsCardSum` with `min`/`max` bounds should return the correct ,gpt-5.4-20260305-blind,2026-04-13 11:00:35,,timeout,0.97,True,False
67,instance_internetarchive__openlibrary-0dc5b20fa186f9714f8a838178597e69f549d026-v2d9a6c849c60ed19fd0858ce9e40b7cc8e097e59,internetarchive/openlibrary,python,15%,13,2,NO,1,2,1735,YES,YES,,LLM_ANALYZED_BLIND,DOWNGRADE_CLEAN,"LLM_BLIND(97%): agent_error — This task looks clean. The fail-to-pass tests only update expected parsed JSON outputs for two MARC samples by adding `alternate_names` to author entries; they do not import private helpers, check exa",gpt-5.4-20260305-blind,2026-04-13 11:01:46,,agent_error,0.97,False,False
68,instance_future-architect__vuls-be7b9114cc9545e68fb0ee7bc63d7ec53d1a00ad,future-architect/vuls,go,57%,14,8,NO,3,6,5192,YES,YES,,LLM_ANALYZED_BLIND,DOWNGRADE_CLEAN,LLM_BLIND(97%): agent_error — This task appears clean. The problem statement explicitly says that Trivy exposes PURL under `Identifier.PURL` and that Vuls should carry that into `models.Library` entries in `LibraryScanners`. The v,gpt-5.4-20260305-blind,2026-04-13 11:02:34,,agent_error,0.97,True,False
69,instance_navidrome__navidrome-29b7b740ce469201af0a0510f3024adc93ef4c8e,navidrome/navidrome,go,93%,14,13,NO,2,1,1298,YES,YES,,LLM_ANALYZED_BLIND,DOWNGRADE_CLEAN,"LLM_BLIND(94%): agent_error — This looks clean. The added tests check exactly the behavior described in the problem statement: a configurable size limit should evict older items, and a configurable default TTL should cause entries",gpt-5.4-20260305-blind,2026-04-13 11:03:45,,agent_error,0.94,True,False
70,instance_gravitational__teleport-baeb2697c4e4870c9850ff0cd5c7a2d08e1401c9-vee9b09fb20c43af7e520f57e9239bbcf46b7113d,gravitational/teleport,go,8%,12,1,NO,3,33,6571,YES,YES,,LLM_ANALYZED_BLIND,CONFIRMED_SEVERE,LLM_BLIND(96%): contamination — This task shows strong contamination. The user-facing spec is broad: remove duplicated HSM/KMS test setup by centralizing reusable backend-detection/configuration logic. That leaves many valid impleme,gpt-5.4-20260305-blind,2026-04-13 11:05:22,approach_lock,contamination,0.96,True,True
71,instance_navidrome__navidrome-d0dceae0943b8df16e579c2d9437e11760a0626a,navidrome/navidrome,go,0%,14,0,YES,14,2,5685,YES,YES,,LLM_ANALYZED_BLIND,DOWNGRADE_CLEAN,"LLM_BLIND(87%): timeout — This looks like a fair task rather than a contaminated one. The problem statement asks for Subsonic share support so clients can create public share links and retrieve existing shares, and the F2P tes",gpt-5.4-20260305-blind,2026-04-13 11:06:23,,timeout,0.87,True,False
72,instance_NodeBB__NodeBB-18c45b44613aecd53e9f60457b9812049ab2998d-v0495b863a912fbff5749c67e860612b91825407c,NodeBB/NodeBB,js,0%,14,0,YES,8,7,7740,YES,YES,,LLM_ANALYZED_BLIND,DOWNGRADE_CLEAN,"LLM_BLIND(96%): agent_error — This task appears clean. The tests check for exactly what the problem statement asks: authenticated API support for issuing, accepting, and rejecting group invitations, plus corresponding schema docum",gpt-5.4-20260305-blind,2026-04-13 11:07:49,,agent_error,0.96,True,False
73,instance_future-architect__vuls-ca3f6b1dbf2cd24d1537bfda43e788443ce03a0c,future-architect/vuls,go,0%,14,0,YES,5,16,9470,YES,YES,,LLM_ANALYZED_BLIND,CONFIRMED_SEVERE,LLM_BLIND(94%): contamination — This task shows strong contamination. The problem statement is behavioral: detect Amazon Linux 2 Extra Repository packages and fetch the correct advisories. But the staged F2P tests include unrelated ,gpt-5.4-20260305-blind,2026-04-13 11:09:11,task_patch_mismatch,contamination,0.94,True,False
74,instance_future-architect__vuls-1832b4ee3a20177ad313d806983127cb6e53f5cf,future-architect/vuls,go,0%,14,0,YES,9,18,9425,YES,YES,,LLM_ANALYZED_BLIND,CONFIRMED_SEVERE,"LLM_BLIND(99%): contamination — This is a clear contamination case, not a genuinely hard task. The repository, gold patch, and F2P tests are aligned with a macOS-support feature in Vuls, while the written task is about reducing the ",gpt-5.4-20260305-blind,2026-04-13 11:09:41,task_patch_mismatch,contamination,0.99,False,False
75,instance_qutebrowser__qutebrowser-21b426b6a20ec1cc5ecad770730641750699757b-v363c8a7e5ccdf6968fc7ab84a2053ac78036691d,qutebrowser/qutebrowser,python,0%,13,0,YES,2,3,2029,YES,YES,,LLM_ANALYZED_BLIND,CONFIRMED_SEVERE,LLM_BLIND(96%): agent_error — This task shows clear contamination even though the particular agent also made implementation mistakes. The problem statement specifies semantic behavior: `Values` should use an ordered mapping so dup,gpt-5.4-20260305-blind,2026-04-13 11:10:51,approach_lock,agent_error,0.96,True,False
76,instance_NodeBB__NodeBB-445b70deda20201b7d9a68f7224da751b3db728c-v4fbcfae8b15e4ce5d132c408bca69ebb9cf146ed,NodeBB/NodeBB,js,0%,13,0,YES,2,4,7601,YES,YES,,LLM_ANALYZED_BLIND,DOWNGRADE_CLEAN,"LLM_BLIND(97%): timeout — This task looks clean, not contaminated. The F2P tests check behavior that is directly described in the problem statement: missing/malformed required chat/user input should raise `[[error:invalid-data",gpt-5.4-20260305-blind,2026-04-13 11:11:55,,timeout,0.97,True,False
77,instance_ansible__ansible-42355d181a11b51ebfc56f6f4b3d9c74e01cb13b-v1055803c3a812189a1133297f7f5468579283f86,ansible/ansible,python,43%,14,6,NO,6,10,6525,YES,YES,,LLM_ANALYZED_BLIND,CONFIRMED_SEVERE,LLM_BLIND(98%): contamination — This task is contaminated. The problem statement is behavioral: ensure delegate_to is resolved once and loop items are evaluated once when both are used together. The new integration playbooks are con,gpt-5.4-20260305-blind,2026-04-13 11:13:09,approach_lock,contamination,0.98,True,False
78,instance_ansible__ansible-3889ddeb4b780ab4bac9ca2e75f8c1991bcabe83-v0f01c69f1e2528b935359cfe578530722bca2c59,ansible/ansible,python,0%,13,0,YES,2,8,15836,YES,YES,,LLM_ANALYZED_BLIND,CONFIRMED_SEVERE,"LLM_BLIND(96%): contamination — This looks contaminated rather than genuinely hard. The agent clearly understood the requested feature and implemented a sensible solution matching the issue text: direct, idempotent management of use",gpt-5.4-20260305-blind,2026-04-13 11:14:37,test_coupling,contamination,0.96,True,True
79,instance_element-hq__element-web-582a1b093fc0b77538052f45cbb9c7295f991b51-vnan,element-hq/element-web,js,15%,13,2,NO,3,11,11161,YES,YES,,LLM_ANALYZED_BLIND,DOWNGRADE_CLEAN,"LLM_BLIND(89%): agent_error — The fail-to-pass tests are largely aligned with the problem statement: they verify that decryption failures are tracked only for visible events, that events which become visible later are then eligibl",gpt-5.4-20260305-blind,2026-04-13 11:15:58,,agent_error,0.89,True,False
80,instance_NodeBB__NodeBB-f2082d7de85eb62a70819f4f3396dd85626a0c0a-vd59a5728dfc977f44533186ace531248c2917516,NodeBB/NodeBB,js,0%,13,0,YES,6,5,2348,YES,YES,,LLM_ANALYZED_BLIND,CONFIRMED_SEVERE,"LLM_BLIND(88%): contamination — This looks like a likely contaminated task rather than a purely hard one. The agent understood the requested migration and moved in the right direction: it inspected `src/socket.io/posts.js`, `src/api",gpt-5.4-20260305-blind,2026-04-13 11:17:45,undiscoverable_requirement,contamination,0.88,True,False
81,instance_tutao__tutanota-09c2776c0fce3db5c6e18da92b5a45dce9f013aa-vbc0d9ba8f0071fbe982809910959a6ff8884dbbf,tutao/tutanota,ts,14%,14,2,NO,7,1,1723,YES,YES,,LLM_ANALYZED_BLIND,CONFIRMED_SEVERE,"LLM_BLIND(88%): timeout — This looks contaminated rather than merely hard. The prompt is high-level: show continuous, specific progress for a given calendar import, distinct from concurrent operations, and mark that operation ",gpt-5.4-20260305-blind,2026-04-13 11:20:17,test_coupling,timeout,0.88,True,False
82,instance_internetarchive__openlibrary-2fe532a33635aab7a9bfea5d977f6a72b280a30c-v0f5aece3601a5b4419f7ccec1dbda2071be28ee4,internetarchive/openlibrary,python,38%,13,5,NO,2,4,9567,YES,YES,,LLM_ANALYZED_BLIND,DOWNGRADE_CLEAN,LLM_BLIND(91%): timeout — The tests are aligned with the problem statement rather than with undiscoverable internals. The statement explicitly says Amazon imports are dropping the language field and provides the expected PAAPI,gpt-5.4-20260305-blind,2026-04-13 11:21:28,,timeout,0.91,True,True
83,instance_ansible__ansible-709484969c8a4ffd74b839a673431a8c5caa6457-vba6da65a0f3baefda7a058ebbd0a8dcafb8512f5,ansible/ansible,python,14%,14,2,NO,3,4,9653,YES,YES,,LLM_ANALYZED_BLIND,CONFIRMED_SEVERE,LLM_BLIND(98%): contamination — This case is strongly contaminated. The agent clearly understood the reported bug as a missing uptime fact on BSD systems and moved in that direction by adding uptime collection hooks across BSD-like ,gpt-5.4-20260305-blind,2026-04-13 11:22:58,task_patch_mismatch,contamination,0.98,True,True
84,instance_flipt-io__flipt-21a935ad7886cc50c46852be21b37f363a926af0,flipt-io/flipt,go,36%,14,5,NO,3,4,547,YES,YES,,LLM_ANALYZED_BLIND,DOWNGRADE_CLEAN,"LLM_BLIND(93%): timeout — This looks clean. The problem statement explicitly asks for a dedicated `grpc_level` configuration option, persistence into runtime config, and a default of `""ERROR""` when omitted. The visible F2P tes",gpt-5.4-20260305-blind,2026-04-13 11:24:49,,timeout,0.93,True,False
85,instance_navidrome__navidrome-66b74c81f115c78cb69910b0472eeb376750efc4,navidrome/navidrome,go,23%,13,3,NO,9,2,2710,YES,YES,,LLM_ANALYZED_BLIND,CONFIRMED_SEVERE,"LLM_BLIND(95%): timeout — The agent did understand the intended feature: it traced where passwords are persisted and used for login/Subsonic token generation, verified with a custom script that passwords were stored in plainte",gpt-5.4-20260305-blind,2026-04-13 11:26:17,test_coupling,timeout,0.95,True,False
86,instance_gravitational__teleport-5dca072bb4301f4579a15364fcf37cc0c39f7f6c,gravitational/teleport,go,0%,13,0,YES,2,5,7017,YES,YES,,LLM_ANALYZED_BLIND,CONFIRMED_SEVERE,LLM_BLIND(94%): contamination — This looks contaminated rather than merely hard. The agent understood the reported issue and implemented the natural fix in the correct place: compute the encoded CA-subject size in the kube proxy’s `,gpt-5.4-20260305-blind,2026-04-13 11:29:25,undiscoverable_requirement,contamination,0.94,True,True
87,instance_navidrome__navidrome-b3980532237e57ab15b2b93c49d5cd5b2d050013,navidrome/navidrome,go,0%,12,0,YES,4,1,996,YES,YES,,LLM_ANALYZED_BLIND,CONFIRMED_SEVERE,"LLM_BLIND(97%): contamination — This looks contaminated rather than merely hard. The stated requirement is behavioral: use the configured API key if present, otherwise use a built-in shared key; use configured language if present, o",gpt-5.4-20260305-blind,2026-04-13 11:30:45,test_coupling,contamination,0.97,True,True
88,instance_qutebrowser__qutebrowser-996487c43e4fcc265b541f9eca1e7930e3c5cf05-v2ef375ac784985212b1805e1d0431dc8f1b3c171,qutebrowser/qutebrowser,python,79%,14,11,NO,2,1,634,YES,YES,,LLM_ANALYZED_BLIND,DOWNGRADE_CLEAN,"LLM_BLIND(97%): timeout — This task appears clean. The problem statement explicitly says `FormatString` should support encoding validation similar to `String`, especially for ASCII-only HTTP headers. The added F2P test checks ",gpt-5.4-20260305-blind,2026-04-13 11:31:21,,timeout,0.97,True,False
89,instance_ansible__ansible-e22e103cdf8edc56ff7d9b848a58f94f1471a263-v1055803c3a812189a1133297f7f5468579283f86,ansible/ansible,python,57%,14,8,NO,2,4,1476,YES,YES,,LLM_ANALYZED_BLIND,CONFIRMED_SEVERE,"LLM_BLIND(99%): contamination — This looks like clear benchmark contamination, not a fair hard task. The agent understood the user-facing bug: the custom WinRM kinit command was being interpreted as one executable string, so a fix s",gpt-5.4-20260305-blind,2026-04-13 11:32:26,task_patch_mismatch,contamination,0.99,True,True
90,instance_internetarchive__openlibrary-b67138b316b1e9c11df8a4a8391fe5cc8e75ff9f-ve8c8d62a2b60610a3c4631f5f23ed866bada9818,internetarchive/openlibrary,python,0%,13,0,YES,6,11,27277,YES,YES,,LLM_ANALYZED_BLIND,DOWNGRADE_CLEAN,LLM_BLIND(92%): timeout — This looks clean rather than contaminated. The problem statement explicitly says 880 fields should be parsed in both linked and unlinked scenarios and mentions normalization issues such as duplicate s,gpt-5.4-20260305-blind,2026-04-13 11:34:08,,timeout,0.92,True,False
91,instance_navidrome__navidrome-5001518260732e36d9a42fb8d4c054b28afab310,navidrome/navidrome,go,21%,14,3,NO,9,4,2998,YES,YES,,LLM_ANALYZED_BLIND,CONFIRMED_SEVERE,"LLM_BLIND(89%): timeout — This task is not clean. The agent understood the requested architectural change and was moving in the right direction, but timed out before completing and validating the patch. More importantly, the F",gpt-5.4-20260305-blind,2026-04-13 11:36:40,test_coupling,timeout,0.89,True,False
92,instance_internetarchive__openlibrary-d109cc7e6e161170391f98f9a6fa1d02534c18e4-ve8c8d62a2b60610a3c4631f5f23ed866bada9818,internetarchive/openlibrary,python,23%,13,3,NO,10,2,1397,YES,YES,,LLM_ANALYZED_BLIND,CONFIRMED_SEVERE,"LLM_BLIND(97%): contamination — The agent clearly understood the requested feature: it inspected the list model, list controller, and edit/view templates, and explicitly identified the need to support annotated seeds with notes, pre",gpt-5.4-20260305-blind,2026-04-13 11:38:05,test_coupling,contamination,0.97,True,False
93,instance_future-architect__vuls-3c1489e588dacea455ccf4c352a3b1006902e2d4,future-architect/vuls,go,0%,12,0,YES,6,22,15454,YES,YES,,LLM_ANALYZED_BLIND,CONFIRMED_SEVERE,"LLM_BLIND(93%): contamination — This task shows strong contamination signals. The stated bug is straightforward: if a vulnerability has severity but no numeric CVSS, estimate a score and ensure filtering, grouping, and reports treat",gpt-5.4-20260305-blind,2026-04-13 11:40:45,test_coupling,contamination,0.93,True,False
94,instance_ansible__ansible-d58e69c82d7edd0583dd8e78d76b075c33c3151e-v173091e2e36d38c978002990795f66cfc0af30ad,ansible/ansible,python,0%,14,0,YES,3,2,10595,YES,YES,,LLM_ANALYZED_BLIND,CONFIRMED_SEVERE,"LLM_BLIND(96%): contamination — This task shows clear contamination. The user-visible specification is straightforward: `uri` and `get_url` should transparently decode gzip-encoded responses, with some way to disable decompression. ",gpt-5.4-20260305-blind,2026-04-13 11:41:59,test_coupling,contamination,0.96,True,False
95,instance_flipt-io__flipt-f1bc91a1b999656dbdb2495ccb57bf2105b84920,flipt-io/flipt,go,0%,13,0,YES,5,13,58162,YES,YES,,LLM_ANALYZED_BLIND,CONFIRMED_SEVERE,"LLM_BLIND(88%): timeout — The agent clearly understood the requested architectural refactor: it found that `Server.Evaluate` delegated to `RuleStore.Evaluate`, noted that `RuleStore` improperly included evaluation behavior, an",gpt-5.4-20260305-blind,2026-04-13 11:44:06,test_coupling,timeout,0.88,True,False
96,instance_internetarchive__openlibrary-5fb312632097be7e9ac6ab657964af115224d15d-v0f5aece3601a5b4419f7ccec1dbda2071be28ee4,internetarchive/openlibrary,python,0%,14,0,YES,8,4,4941,YES,YES,,LLM_ANALYZED_BLIND,CONFIRMED_SEVERE,"LLM_BLIND(95%): contamination — This task shows clear contamination. The problem statement describes behavior: language-aware Wikipedia sitelink resolution with English fallback, extraction of usable external identifiers, and genera",gpt-5.4-20260305-blind,2026-04-13 11:45:54,test_coupling,contamination,0.95,True,True
97,instance_internetarchive__openlibrary-7edd1ef09d91fe0b435707633c5cc9af41dedddf-v76304ecdb3a5954fcf13feb710e8c40fcf24b73c,internetarchive/openlibrary,python,0%,13,0,YES,2,2,4187,YES,YES,,LLM_ANALYZED_BLIND,CONFIRMED_SEVERE,"LLM_BLIND(97%): timeout — This benchmark shows clear contamination. The problem statement specifies semantic requirements: unify logic across autocomplete endpoints, search exact + prefix matches on title/name, exclude edition",gpt-5.4-20260305-blind,2026-04-13 11:47:45,test_coupling,timeout,0.97,True,False
98,instance_flipt-io__flipt-b68b8960b8a08540d5198d78c665a7eb0bea4008,flipt-io/flipt,go,14%,14,2,NO,2,1,3247,YES,YES,,LLM_ANALYZED_BLIND,CONFIRMED_SEVERE,"LLM_BLIND(95%): contamination — This task is contaminated. The problem statement specifies behavior: when `storage.read_only=true`, database-backed API writes must be blocked consistently with the UI and other backends. There are ma",gpt-5.4-20260305-blind,2026-04-13 11:49:27,test_coupling,contamination,0.95,True,True
99,instance_element-hq__element-web-2760bfc8369f1bee640d6d7a7e910783143d4c5f-vnan,element-hq/element-web,js,0%,14,0,YES,1,4,3510,YES,YES,,LLM_ANALYZED_BLIND,PENDING_HUMAN_REVIEW,"LLM_BLIND(72%): timeout — This run does not show confirmed benchmark contamination. The agent clearly understood the bug and started a plausible fix: adding an updating flag, guarding handlers, and disabling buttons while work",gpt-5.4-20260305-blind,2026-04-13 11:51:56,,timeout,0.72,True,False
100,instance_qutebrowser__qutebrowser-394bfaed6544c952c6b3463751abab3176ad4997-vafb3e8e01b31319c66c4e666b8a3b1d8ba55db24,qutebrowser/qutebrowser,python,0%,14,0,YES,6,16,5400,YES,YES,,LLM_ANALYZED_BLIND,CONFIRMED_SEVERE,"LLM_BLIND(93%): contamination — This task shows strong contamination. The agent clearly understood the requested feature: centralize QtWebEngine version detection, prefer ELF-derived data, fall back sensibly, and use that informatio",gpt-5.4-20260305-blind,2026-04-13 11:53:25,test_coupling,contamination,0.93,True,False
101,instance_qutebrowser__qutebrowser-6dd402c0d0f7665d32a74c43c5b4cf5dc8aff28d-v5fc38aaf22415ab0b70567368332beee7955b367,qutebrowser/qutebrowser,python,36%,14,5,NO,1,1,1101,YES,YES,,LLM_ANALYZED_BLIND,DOWNGRADE_CLEAN,"LLM_BLIND(95%): agent_error — This looks clean, not contaminated. The hidden F2P test checks a directly stated behavior: a corrupted adblock cache should not crash the app, and an error message should be shown. While the test asse",gpt-5.4-20260305-blind,2026-04-13 11:54:26,,agent_error,0.95,True,True
